{"0.11862740152215845":{"user_id":2},"0.6818550432990436":{"user_id":2},"0.5478604950766126":{"user_id":4},"0.4621652551953428":{"user_id":4}}